EP,ชื่อวิดีโอ,เมือง/พื้นที่,ประเทศ,สถานที่หลัก,หมวด,ความมั่นใจ,สถานะวิดีโอ,ความยาว,YouTube URL,Google Maps URL,หมายเหตุ
1,ไกลบ้าน EP1 ไกด์แม่แห่งเวียนนา (Unseen Vienna),Vienna,Austria,Vienna,City walk,High,Public,13:43,https://www.youtube.com/watch?v=DVdnNiuo5V0,https://www.google.com/maps/search/?api=1&query=Vienna%2C+Austria,
2,ไกลบ้าน EP2 จิกวิกเที่ยวเยอรมัน (Hilarious Heidelberg),Heidelberg,Germany,Heidelberg,City walk,High,Public,12:10,https://www.youtube.com/watch?v=0WE4m0lCvZw,https://www.google.com/maps/search/?api=1&query=Heidelberg%2C+Germany,
3,ไกลบ้าน EP3 มาดามแอนนี่ ณ ปารีส,Paris,France,Paris,Friends / city,High,Public,12:23,https://www.youtube.com/watch?v=jURN7tTBbk4,https://www.google.com/maps/search/?api=1&query=Paris%2C+France,
4,ไกลบ้าน EP4 เที่ยวนิวยอร์คกับคนมี follower น้อย,New York City,United States,New York City,City walk,High,Public,12:30,https://www.youtube.com/watch?v=pnQrDJ0hy8Q,https://www.google.com/maps/search/?api=1&query=New+York+City%2C+United+States,
5,ไกลบ้าน EP5 เม็กนะ ไม่ใช่แม็ค (Mexico lindo y querido),Mexico City,Mexico,Mexico City,City / culture,Medium,Public,15:30,https://www.youtube.com/watch?v=V63F7UftNVM,https://www.google.com/maps/search/?api=1&query=Mexico+City,ระบุได้ระดับเมือง/ประเทศ แต่สถานที่ย่อยอาจต้องตรวจในวิดีโอ
6,ไกลบ้าน EP6 ซานฟรานซิสโก เมืองหลวงของ LGBTQ,San Francisco,United States,San Francisco,LGBTQ+ / city,High,Public,14:52,https://www.youtube.com/watch?v=PQmCa35QK0U,https://www.google.com/maps/search/?api=1&query=San+Francisco%2C+United+States,
7,ไกลบ้าน EP7 ล่ามพูดตาม ล่ามพูดพร้อม เทคนิคการล่ามเบื้องต้นที่ควรรู้,Würzburg,Germany,Würzburg,Work / language,High,Private/Unavailable,,https://www.youtube.com/watch?v=Zy53jhdz3xY,https://www.google.com/maps/search/?api=1&query=W%C3%BCrzburg%2C+Germany,
8,ไกลบ้าน EP8 ซื้อผู้ชายที่ปารีส (Souvenirs from the Eiffel Tower),Paris,France,Eiffel Tower,Landmark,High,Public,13:13,https://www.youtube.com/watch?v=Bce-fXneMPc,https://www.google.com/maps/search/?api=1&query=Eiffel+Tower%2C+France,
9,ไกลบ้าน EP9 เที่ยวตลาดคริสต์มาส Strasbourg,Strasbourg,France,Strasbourg Christmas Market,Christmas,High,Public,13:31,https://www.youtube.com/watch?v=V8FHAd0DEY8,https://www.google.com/maps/search/?api=1&query=Strasbourg+Christmas+Market%2C+France,
10,ไกลบ้าน EP10 นินทาสัมภเวสี เม้าอย่างเดียว เที่ยวไม่มี,New York City,United States,New York City (talk episode),Talk,Medium,Public,11:23,https://www.youtube.com/watch?v=onNksHrOtEQ,https://www.google.com/maps/search/?api=1&query=New+York+City+%28talk+episode%29%2C+United+States,ระบุได้ระดับเมือง/ประเทศ แต่สถานที่ย่อยอาจต้องตรวจในวิดีโอ
11,ไกลบ้าน EP11 คนอวดผัว 2019 และตำนาน abubogo ! ! !,New York City,United States,Central Park,Friends / city,High,Public,14:15,https://www.youtube.com/watch?v=UFCdCougHjs,https://www.google.com/maps/search/?api=1&query=Central+Park%2C+United+States,
12,ไกลบ้าน EP12 คนไทยในยูเอ็น (UN Headquarters),New York City,United States,United Nations Headquarters,Institution,High,Public,16:53,https://www.youtube.com/watch?v=CKarOaZJq-s,https://www.google.com/maps/search/?api=1&query=United+Nations+Headquarters%2C+United+States,
13,ไกลบ้าน EP13 เมืองอะไรแปลว่ากรุงเทพ?,Bratislava,Slovakia,Bratislava,City / language,Medium,Public,16:00,https://www.youtube.com/watch?v=LoXAuRSgY8A,https://www.google.com/maps/search/?api=1&query=Bratislava%2C+Slovakia,ระบุได้ระดับเมือง/ประเทศ แต่สถานที่ย่อยอาจต้องตรวจในวิดีโอ
14,ไกลบ้าน EP14 รวมฉากตัดออก (Deleted Scenes),Multiple / deleted scenes,Multiple,Season 1 deleted scenes,Compilation,Low,Public,18:30,https://www.youtube.com/watch?v=j2QV-AoV2DQ,,โปรดตรวจตำแหน่งเพิ่มเติมก่อนใช้เป็นพิกัดอ้างอิง
15,ไกลบ้าน EP15 บรูไน ไม่เคยกลัว (Thai LGBT in Brunei),Bandar Seri Begawan,Brunei,Brunei,Society / LGBTQ+,High,Public,26:26,https://www.youtube.com/watch?v=QPyrYgZb8Bk,https://www.google.com/maps/search/?api=1&query=Brunei,
16,ไกลบ้าน EP16 งานแห่ลึงค์ กับที่หนึ่งวาเซดะ (Kanamara Matsuri),Kawasaki,Japan,Kanamara Matsuri,Festival,High,Public,29:29,https://www.youtube.com/watch?v=rpwbJ54LjPI,https://www.google.com/maps/search/?api=1&query=Kanamara+Matsuri%2C+Japan,
17,ไกลบ้าน EP17 ห่อหมกโชว์ Tokyo - Kyoto - Nagoya,Tokyo; Kyoto; Nagoya,Japan,Tokyo–Kyoto–Nagoya,Multi-city,High,Public,21:21,https://www.youtube.com/watch?v=2mFousHe850,https://www.google.com/maps/search/?api=1&query=Tokyo%E2%80%93Kyoto%E2%80%93Nagoya%2C+Japan,
18,ไกลบ้าน EP18 อยากเป็นสาวผมยาวประบ่า,Germany (city unverified),Germany,Talk / exhibition episode,Talk,Low,Private/Unavailable,,https://www.youtube.com/watch?v=fwBbYOlVGvw,,โปรดตรวจตำแหน่งเพิ่มเติมก่อนใช้เป็นพิกัดอ้างอิง
19,ไกลบ้าน EP19 ไปงาน LGBTQ Pride ซานฟราน (San Francisco Pride 2019),San Francisco,United States,San Francisco Pride,LGBTQ+ / festival,High,Public,13:13,https://www.youtube.com/watch?v=KUkZaTe2oaU,https://www.google.com/maps/search/?api=1&query=San+Francisco+Pride%2C+United+States,
20,ไกลบ้าน EP20 พาไอ้ต้าวไปมาเลย์ (Kota Kinabalu),Kota Kinabalu,Malaysia,"Kota Kinabalu, Sabah",City / food,High,Public,22:22,https://www.youtube.com/watch?v=dV5a1x4hbBM,https://www.google.com/maps/search/?api=1&query=Kota+Kinabalu%2C+Sabah%2C+Malaysia,
21,"ไกลบ้าน EP21 เจ้าถิ่นคิวบา จิกกันแบบนี้เลยย (Havana, Cuba)",Havana,Cuba,Havana,City / culture,High,Public,25:25,https://www.youtube.com/watch?v=-sd_PxRRYSI,https://www.google.com/maps/search/?api=1&query=Havana%2C+Cuba,
22,"ไกลบ้าน EP22 ทัวร์สุสานหลังบ้านเจ๊ป้อง (Père Lachaise, Paris)",Paris,France,Père Lachaise Cemetery,History / cemetery,High,Public,23:23,https://www.youtube.com/watch?v=ky4MNsb0XJw,https://www.google.com/maps/search/?api=1&query=P%C3%A8re+Lachaise+Cemetery%2C+France,
23,ไกลบ้าน EP23 คนอะไรชื่อเจ๊เหว (เม้าอย่างเดียว เที่ยวไม่มี),Paris,France,Talk episode,Talk,Low,Public,15:15,https://www.youtube.com/watch?v=Gf4E0C7FMOs,,โปรดตรวจตำแหน่งเพิ่มเติมก่อนใช้เป็นพิกัดอ้างอิง
24,ไกลบ้าน EP24 จับโจรล้วงกระเป๋า ปารีส !!!,Paris,France,Paris,Travel experience,High,Public,19:19,https://www.youtube.com/watch?v=DUNy9Oai7TU,https://www.google.com/maps/search/?api=1&query=Paris%2C+France,
25,ไกลบ้าน EP25 งานประจำปีของคนเยอรมัน (Oktoberfest 2019),Munich,Germany,Oktoberfest,Festival,High,Private/Unavailable,,https://www.youtube.com/watch?v=L8aEhgF3_hs,https://www.google.com/maps/search/?api=1&query=Oktoberfest%2C+Germany,
26,ไกลบ้าน EP26 ชวนน้องไปเนิร์ด วาติกัน (Città del Vaticano),Vatican City,Vatican City,Vatican City,Religion / history,High,Public,26:26,https://www.youtube.com/watch?v=NQP9J7-Qb_0,https://www.google.com/maps/search/?api=1&query=Vatican+City,
27,"ไกลบ้าน EP27 เมืองน่ารัก ที่คนไทยไม่ค่อยรู้จัก (Siena, Italy)",Siena,Italy,Siena,History / city,High,Public,22:22,https://www.youtube.com/watch?v=7z_LIMKULzk,https://www.google.com/maps/search/?api=1&query=Siena%2C+Italy,
28,ไกลบ้าน EP28 ชั้นมาวันแรกนะ ชั้นขึ้นเลย (UC Berkeley),Berkeley,United States,"University of California, Berkeley",University,High,Public,22:22,https://www.youtube.com/watch?v=6cTieunJbm4,https://www.google.com/maps/search/?api=1&query=University+of+California%2C+Berkeley%2C+United+States,
29,ไกลบ้าน EP29 มุมลับซานฟราน นักท่องเที่ยวไม่ค่อยรู้จัก,San Francisco,United States,Hidden San Francisco,City walk,High,Public,16:16,https://www.youtube.com/watch?v=YjxiacNlIUg,https://www.google.com/maps/search/?api=1&query=Hidden+San+Francisco%2C+United+States,
30,ไกลบ้าน EP30 รวมมิตร (Merry X'mas & HNY 2020),Multiple / compilation,Multiple,Christmas & New Year compilation,Compilation,Low,Public,17:17,https://www.youtube.com/watch?v=6FKtC1kqa1Q,,โปรดตรวจตำแหน่งเพิ่มเติมก่อนใช้เป็นพิกัดอ้างอิง
31,ไกลบ้าน EP31 สเปน (ชื่อเต็มไม่พบใน metadata ปัจจุบัน),Spain (city unverified),Spain,Spain,Travel,Medium,Private/Unavailable,,https://www.youtube.com/watch?v=30ByG4of4Ec,,ระบุได้ระดับเมือง/ประเทศ แต่สถานที่ย่อยอาจต้องตรวจในวิดีโอ
32,"ไกลบ้าน EP32 มนุษย์ป้าฉกแฮม (Madrid, Spain)",Madrid,Spain,Madrid,City walk,High,Public,22:56,https://www.youtube.com/watch?v=0yDUUuA3Qcc,https://www.google.com/maps/search/?api=1&query=Madrid%2C+Spain,
33,ไกลบ้าน EP33 แล้วเต่าทะเลล่ะ? (What's that word again?),Heidelberg,Germany,Heidelberg,Friends / environment,Medium,Public,20:20,https://www.youtube.com/watch?v=lfMryItzgjo,https://www.google.com/maps/search/?api=1&query=Heidelberg%2C+Germany,ระบุได้ระดับเมือง/ประเทศ แต่สถานที่ย่อยอาจต้องตรวจในวิดีโอ
34,"ไกลบ้าน EP34 ผู้หญิงจับนม ผู้ชายจับไข่ (Milan, Italy)",Milan,Italy,Milan,City walk,High,Public,14:41,https://www.youtube.com/watch?v=U430mkLcNDY,https://www.google.com/maps/search/?api=1&query=Milan%2C+Italy,
35,"ไกลบ้าน EP35 ไปเรียนอะไรกันที่สวิส (Crans-Montana, Switzerland)",Crans-Montana,Switzerland,Les Roches,University,High,Private/Unavailable,,https://www.youtube.com/watch?v=B1Sl79l0rP0,https://www.google.com/maps/search/?api=1&query=Les+Roches%2C+Switzerland,
36,"ไกลบ้าน EP36 คุกขังโสเภณีในโรงพยาบาลปารีส (Salpêtrière, Paris)",Paris,France,Pitié-Salpêtrière Hospital,Social history,High,Public,24:24,https://www.youtube.com/watch?v=3ZhEeEFHhLI,https://www.google.com/maps/search/?api=1&query=Piti%C3%A9-Salp%C3%AAtri%C3%A8re+Hospital%2C+France,
37,"ไกลบ้าน EP37 ตัวละครลับหมายเลขหนึ่ง (Stanford University, California)",Stanford,United States,Stanford University,University,High,Public,29:29,https://www.youtube.com/watch?v=ldCq49BWaHY,https://www.google.com/maps/search/?api=1&query=Stanford+University%2C+United+States,
38,ไกลบ้าน EP38 บางทีเธอเองก็ออกสาว และบางคราวเธอแมนเหมือนกัน ฉันนั้นชักไม่มั่นใจ,Chichén Itzá,Mexico,"Chichén Itzá, Yucatán",Archaeology,Medium,Public,23:23,https://www.youtube.com/watch?v=9l8ej3xexFA,https://www.google.com/maps/search/?api=1&query=Chich%C3%A9n+Itz%C3%A1%2C+Yucat%C3%A1n%2C+Mexico,ระบุได้ระดับเมือง/ประเทศ แต่สถานที่ย่อยอาจต้องตรวจในวิดีโอ
39,ไกลบ้าน EP39 ดาราหลักแจงโดนฝรั่งต่อย ตำรวจเรียก,United States (city unverified),United States,Incident / police episode,Travel experience,Low,Public,21:21,https://www.youtube.com/watch?v=7S_qWPBMMXk,,โปรดตรวจตำแหน่งเพิ่มเติมก่อนใช้เป็นพิกัดอ้างอิง
40,ไกลบ้าน EP40 ทะเลสาบทาโฮ (Lake Tahoe),Lake Tahoe,United States,Lake Tahoe,Nature,High,Public,21:21,https://www.youtube.com/watch?v=fsFdzcFA9xA,https://www.google.com/maps/search/?api=1&query=Lake+Tahoe%2C+United+States,
41,ไกลบ้าน EP41 เต่าทะเล VS หินโสโครก,Loire Valley,France,Loire Valley châteaux,History / castle,Medium,Public,27:27,https://www.youtube.com/watch?v=q2VI6quPc4g,https://www.google.com/maps/search/?api=1&query=Loire+Valley+ch%C3%A2teaux%2C+France,ระบุได้ระดับเมือง/ประเทศ แต่สถานที่ย่อยอาจต้องตรวจในวิดีโอ
42,ไกลบ้าน EP42 นอนปราสาทนะคะ ระดับเจ้าหญิง,Loire Valley,France,Loire Valley château stay,History / castle,Medium,Public,29:29,https://www.youtube.com/watch?v=xlWWF6fCpBw,https://www.google.com/maps/search/?api=1&query=Loire+Valley+ch%C3%A2teau+stay%2C+France,ระบุได้ระดับเมือง/ประเทศ แต่สถานที่ย่อยอาจต้องตรวจในวิดีโอ
43,ไกลบ้าน EP43 ปราสาทใหญ่แค่ไหน ไม่เท่าพุงพวกเราปะ,Loire Valley,France,Loire Valley château,History / castle,Medium,Public,19:19,https://www.youtube.com/watch?v=4uf6k6gMSrE,https://www.google.com/maps/search/?api=1&query=Loire+Valley+ch%C3%A2teau%2C+France,ระบุได้ระดับเมือง/ประเทศ แต่สถานที่ย่อยอาจต้องตรวจในวิดีโอ
44,"ไกลบ้าน EP44 ตามรอยหนังดัง เทวากับซาตาน (Rome, Italy)",Rome,Italy,Angels & Demons route,Film / history,High,Public,28:28,https://www.youtube.com/watch?v=PV1tcAzOOm4,https://www.google.com/maps/search/?api=1&query=Angels+%26+Demons+route%2C+Italy,
45,ไกลบ้าน EP45 ลูกค้าบอกทายอินนิดเดียวนะคะ เราขายไปเลยทั้งเทป,Paris,France,Notre-Dame / Île de la Cité,History / city,Medium,Public,25:25,https://www.youtube.com/watch?v=wfSTXAAd6S4,https://www.google.com/maps/search/?api=1&query=Notre-Dame+%2F+%C3%8Ele+de+la+Cit%C3%A9%2C+France,ระบุได้ระดับเมือง/ประเทศ แต่สถานที่ย่อยอาจต้องตรวจในวิดีโอ
46,ไกลบ้าน EP46 คณะราษฎรประชุมลับ ณ กรุงปารีส,Paris,France,Khana Ratsadon historic sites,Thai history,High,Public,25:25,https://www.youtube.com/watch?v=6nVu7CNzPQw,https://www.google.com/maps/search/?api=1&query=Khana+Ratsadon+historic+sites%2C+France,
47,ไกลบ้าน EP47 เมือกคางคก เทคนิควางยาพิษในราชสำนักฝรั่งเศส,Paris,France,French court poison history,History,Medium,Public,28:28,https://www.youtube.com/watch?v=QWHyw58Z_0Q,https://www.google.com/maps/search/?api=1&query=French+court+poison+history%2C+France,ระบุได้ระดับเมือง/ประเทศ แต่สถานที่ย่อยอาจต้องตรวจในวิดีโอ
48,ไกลบ้าน EP48 ทีรามิสุไม่ใช่ขนมญี่ปุ่น,Bologna,Italy,University of Bologna,University / food,Medium,Public,26:26,https://www.youtube.com/watch?v=ela7OjQr0gc,https://www.google.com/maps/search/?api=1&query=University+of+Bologna%2C+Italy,ระบุได้ระดับเมือง/ประเทศ แต่สถานที่ย่อยอาจต้องตรวจในวิดีโอ
49,"ไกลบ้าน EP49 สงฆ์ใดสาวกศาสดา หลวงเจ้พาทัวร์มิวเซียม (Guimet, Paris)",Paris,France,Musée Guimet,Museum,High,Public,33:33,https://www.youtube.com/watch?v=ugAw1NdNv_8,https://www.google.com/maps/search/?api=1&query=Mus%C3%A9e+Guimet%2C+France,
50,ไกลบ้าน EP50 รวมฉากตัดออก ซีซั่น 1 (Deleted Scenes),Multiple / deleted scenes,Multiple,Season 1 deleted scenes,Compilation,High,Public,42:42,https://www.youtube.com/watch?v=uKtaWBZo7Wo,,
51,ไกลบ้าน EP51 เวียนนา ออสเตรีย มาแล้วค่า,Vienna,Austria,Vienna,City walk,High,Public,27:27,https://www.youtube.com/watch?v=tigRPPO2Ioo,https://www.google.com/maps/search/?api=1&query=Vienna%2C+Austria,
52,ไกลบ้าน EP52 หลวงเจ้ลาสิกขา พอกันทีชีวิต ป.เอก,Paris,France,Talk episode,Talk,Low,Public,20:20,https://www.youtube.com/watch?v=X_1YhlL6cRU,,โปรดตรวจตำแหน่งเพิ่มเติมก่อนใช้เป็นพิกัดอ้างอิง
53,ไกลบ้าน EP53 ตำนานผีล้มเจ้าแห่งกรุงปารีส,Paris,France,Paris,History / legend,High,Public,21:21,https://www.youtube.com/watch?v=LkdddnPIghM,https://www.google.com/maps/search/?api=1&query=Paris%2C+France,
54,ไกลบ้าน EP54 ถนนคนรวย ซานฟราน เมืองที่ค่าเช่าบ้าน(เคย)แพงที่สุดในโลก,San Francisco,United States,Affluent neighborhoods,City / housing,High,Public,21:21,https://www.youtube.com/watch?v=G35f0uUSsqY,https://www.google.com/maps/search/?api=1&query=Affluent+neighborhoods%2C+United+States,
55,ไกลบ้าน EP55 อ.ปวิน ออดิชั่นดาราใหม่,San Francisco,United States,Golden Gate area,Friends / city,Medium,Public,20:20,https://www.youtube.com/watch?v=o11GMhvsrjk,https://www.google.com/maps/search/?api=1&query=Golden+Gate+area%2C+United+States,ระบุได้ระดับเมือง/ประเทศ แต่สถานที่ย่อยอาจต้องตรวจในวิดีโอ
56,ไกลบ้าน EP56 ทริปบุญกับคนบาป ภารกิจแสวงบุญ ณ เมืองลูร์ด ฝรั่งเศส,Lourdes,France,Sanctuary of Our Lady of Lourdes,Pilgrimage,High,Public,20:20,https://www.youtube.com/watch?v=vaSYRVa_wL4,https://www.google.com/maps/search/?api=1&query=Sanctuary+of+Our+Lady+of+Lourdes%2C+France,
57,ไกลบ้าน EP57 ถวายเพล เจ๊เหวและสวนหลังบ้านของเธอ,Paris,France,Home / backyard episode,Friends / home,Low,Public,18:18,https://www.youtube.com/watch?v=DMCfhWA-opc,,โปรดตรวจตำแหน่งเพิ่มเติมก่อนใช้เป็นพิกัดอ้างอิง
58,ไกลบ้าน EP58 มาทำตามความฝันที่ฮอลลีวู้ด,Los Angeles,United States,Hollywood,Film / city,High,Public,24:24,https://www.youtube.com/watch?v=Ek8Fy5OFjec,https://www.google.com/maps/search/?api=1&query=Hollywood%2C+United+States,
59,ไกลบ้าน EP59 เลิกงานคือเลิกงาน นายจ้างไม่มีสิทธิ์โทรหา,Europe (city unverified),Unverified,Work culture,Work / society,Low,Public,24:24,https://www.youtube.com/watch?v=3FoWDtqM7dE,,โปรดตรวจตำแหน่งเพิ่มเติมก่อนใช้เป็นพิกัดอ้างอิง
60,ไกลบ้าน EP60 ฮาวายในกูเกิ้ลไม่เป็นแบบนี้!,Hawaii,United States,Hawaii,Island / travel,High,Public,27:27,https://www.youtube.com/watch?v=5KrxS948fY0,https://www.google.com/maps/search/?api=1&query=Hawaii%2C+United+States,
61,ไกลบ้าน EP61 เรื่องเสียว วงการสงฆ์,Europe (city unverified),Unverified,Religious talk episode,Talk / religion,Low,Public,21:21,https://www.youtube.com/watch?v=7Y4t41u4_Jk,,โปรดตรวจตำแหน่งเพิ่มเติมก่อนใช้เป็นพิกัดอ้างอิง
62,"ไกลบ้าน EP62 รูปสุดท้ายของแวนโก๊ะ คือรูปอะไร? (Auvers-sur-Oise, France)",Auvers-sur-Oise,France,Van Gogh sites,Art / history,High,Public,28:28,https://www.youtube.com/watch?v=UZlHQkENIUw,https://www.google.com/maps/search/?api=1&query=Van+Gogh+sites%2C+France,
63,"ไกลบ้าน EP63 สตาร์บัคส์สาขาแรกของโลก ไม่ปิด แต่ไม่ได้เข้า (Seattle, Washington)",Seattle,United States,Pike Place Market / original Starbucks,Food / city,High,Public,23:23,https://www.youtube.com/watch?v=_QlqIJbP_88,https://www.google.com/maps/search/?api=1&query=Pike+Place+Market+%2F+original+Starbucks%2C+United+States,
64,ไกลบ้าน EP64 ปารีสอินเดอะเรน ฝนตกก็เที่ยวได้,Paris,France,Paris in the rain,City walk,High,Public,25:25,https://www.youtube.com/watch?v=ybvTA2Dj-lE,https://www.google.com/maps/search/?api=1&query=Paris+in+the+rain%2C+France,
65,ไกลบ้าน EP65 พบปะชาวช่อง ณ บราติสลาวา,Bratislava,Slovakia,Bratislava,Community / city,High,Public,28:28,https://www.youtube.com/watch?v=-neCE4YQ7Qo,https://www.google.com/maps/search/?api=1&query=Bratislava%2C+Slovakia,
66,ไกลบ้าน EP66 เดนมาร์กเค้ามี 112 แต่เป็น,Denmark (city unverified),Denmark,Emergency / society topic,Society,Medium,Public,24:24,https://www.youtube.com/watch?v=NK58O7OYlsE,,ระบุได้ระดับเมือง/ประเทศ แต่สถานที่ย่อยอาจต้องตรวจในวิดีโอ
67,ไกลบ้าน EP67 พาผู้ชายขึ้นห้อง บอกรูมเมทออกไปก่อน,Denmark (city unverified),Denmark,Home / friends,Friends / home,Low,Public,24:24,https://www.youtube.com/watch?v=OcsAtkyRp8o,,โปรดตรวจตำแหน่งเพิ่มเติมก่อนใช้เป็นพิกัดอ้างอิง
68,ไกลบ้าน EP68 สวยมากได้นั่ง front row กับเค้าด้วย โอตกูตูร์ อะไรใดใด,Paris,France,Paris Haute Couture Week,Fashion,High,Public,25:25,https://www.youtube.com/watch?v=H074XFRvhLI,https://www.google.com/maps/search/?api=1&query=Paris+Haute+Couture+Week%2C+France,
69,ไกลบ้าน EP69 มิวเซียมไม่ดัง เพราะถ้าดังจะเป็นมิ้วเซี่ยมมมมม,Europe (museum unverified),Unverified,Museum,Museum,Low,Public,21:21,https://www.youtube.com/watch?v=SBZNRakNPlE,,โปรดตรวจตำแหน่งเพิ่มเติมก่อนใช้เป็นพิกัดอ้างอิง
70,ไกลบ้าน EP70 ภารกิจเก็บเชอรี่ให้ได้สามปอนด์,Denmark (city unverified),Denmark,Cherry-picking,Nature / friends,Medium,Public,21:21,https://www.youtube.com/watch?v=CiUyeGq_tNY,,ระบุได้ระดับเมือง/ประเทศ แต่สถานที่ย่อยอาจต้องตรวจในวิดีโอ
71,ไกลบ้าน EP71 ประเทศโลกที่หนึ่งมันเป็นแบบนี้,Denmark (city unverified),Denmark,Denmark,Society,Medium,Public,25:25,https://www.youtube.com/watch?v=KlI3pAPr8sM,,ระบุได้ระดับเมือง/ประเทศ แต่สถานที่ย่อยอาจต้องตรวจในวิดีโอ
72,ไกลบ้าน EP72 ไม่รู้จักเมืองนี้ แต่พาเที่ยวได้,Europe (city unverified),Unverified,Unknown European city,City walk,Low,Public,20:20,https://www.youtube.com/watch?v=xJe12bxY_fw,,โปรดตรวจตำแหน่งเพิ่มเติมก่อนใช้เป็นพิกัดอ้างอิง
73,ไกลบ้าน EP73 ดารารับเชิญกิตติมศักดิ์ จากดูไบ,Dubai,United Arab Emirates,Dubai,Politics / city,High,Public,23:23,https://www.youtube.com/watch?v=3Ti1kSlsUAs,https://www.google.com/maps/search/?api=1&query=Dubai%2C+United+Arab+Emirates,
74,ไกลบ้าน EP74 ดูไบออกสาวได้มั้ย,Dubai,United Arab Emirates,Dubai,LGBTQ+ / society,High,Public,20:20,https://www.youtube.com/watch?v=E1DDlFPqkDM,https://www.google.com/maps/search/?api=1&query=Dubai%2C+United+Arab+Emirates,
75,ไกลบ้าน EP75 ต่อป้องร่วมใจต้านวิวเทปโทนี่,Paris,France,Paris,Friends / city,Medium,Public,26:27,https://www.youtube.com/watch?v=ucdzjWGFR5s,https://www.google.com/maps/search/?api=1&query=Paris%2C+France,ระบุได้ระดับเมือง/ประเทศ แต่สถานที่ย่อยอาจต้องตรวจในวิดีโอ
76,ไกลบ้าน EP76 ประเทศนี้ให้คุณค่าความเป็นคน,Denmark (city unverified),Denmark,Denmark,Society,Medium,Public,24:24,https://www.youtube.com/watch?v=uH_7_6DNbTU,,ระบุได้ระดับเมือง/ประเทศ แต่สถานที่ย่อยอาจต้องตรวจในวิดีโอ
77,ไกลบ้าน EP77 ให้ลูกเสือคิดท่าประกอบเพลงนี้ค่ะ,Denmark (city unverified),Denmark,Denmark,Friends / city,Medium,Public,24:24,https://www.youtube.com/watch?v=6mkA9K-YIcY,,ระบุได้ระดับเมือง/ประเทศ แต่สถานที่ย่อยอาจต้องตรวจในวิดีโอ
78,ไกลบ้าน EP78 กุลธิดามีจริง รุ่งเรืองเกียรติไม่มีจึง,Denmark (city unverified),Denmark,Denmark,Friends / city,Medium,Public,28:28,https://www.youtube.com/watch?v=9rGjfgUFfIg,,ระบุได้ระดับเมือง/ประเทศ แต่สถานที่ย่อยอาจต้องตรวจในวิดีโอ
79,"ไกลบ้าน EP79 คริสต์มาส 5 เมือง 2 ชั่วโมงเต็ม!! (Paris, Strasbourg, Munich, Vienna, Copenhagen)",Paris; Strasbourg; Munich; Vienna; Copenhagen,Multiple,Christmas in five cities,Christmas / multi-city,High,Public,128:08,https://www.youtube.com/watch?v=HPjDFUT7t3k,,
80,ไกลบ้าน EP80 ดูไม่ออกว่าเป็นกะเทย,Europe (city unverified),Unverified,Location unclear,Friends / society,Low,Public,27:27,https://www.youtube.com/watch?v=DSH-4pW1HJU,,โปรดตรวจตำแหน่งเพิ่มเติมก่อนใช้เป็นพิกัดอ้างอิง
81,ไกลบ้าน EP81 เปิดบ้านเจ๊ป้อง ศาลหลักเมืองแห่งกรุงปารีส,Paris,France,Friend’s home / Paris,Home / city,High,Public,24:24,https://www.youtube.com/watch?v=45QkBbK5DkU,https://www.google.com/maps/search/?api=1&query=Friend%E2%80%99s+home+%2F+Paris%2C+France,
82,ไกลบ้าน EP82 เพิร์ล ฮาร์เบอร์ ไหนเรือดำน้ำมันดียังไง,Pearl Harbor,United States,"Pearl Harbor, Oahu",War history,High,Public,22:22,https://www.youtube.com/watch?v=WJZCBUOWShg,https://www.google.com/maps/search/?api=1&query=Pearl+Harbor%2C+Oahu%2C+United+States,
83,ไกลบ้าน EP83 มีคนไม่เชื่อว่าเป็นด็อกเตอร์,Europe (city unverified),Unverified,Academic guest episode,Academic,Low,Public,24:24,https://www.youtube.com/watch?v=j6H7qfc3F8g,,โปรดตรวจตำแหน่งเพิ่มเติมก่อนใช้เป็นพิกัดอ้างอิง
84,ไกลบ้าน EP84 ฮานอยแบบตะโกน ไม่งั้นไม่ได้ยิน,Hanoi,Vietnam,Hanoi,City / culture,High,Public,23:23,https://www.youtube.com/watch?v=V9gknLfNr2I,https://www.google.com/maps/search/?api=1&query=Hanoi%2C+Vietnam,
85,ไกลบ้าน EP85 พาสปอร์ตไทยเข้าได้เลย สวยมาก ขอบคุณพี่สิงค์ที่ยกระดับอาเซียน,Singapore,Singapore,Singapore,City / ASEAN,Medium,Public,24:24,https://www.youtube.com/watch?v=4Rykelto9Sg,https://www.google.com/maps/search/?api=1&query=Singapore,ระบุได้ระดับเมือง/ประเทศ แต่สถานที่ย่อยอาจต้องตรวจในวิดีโอ
86,ไกลบ้าน EP86 สามพันล้าน สำหรับทุกคน,Singapore,Singapore,Singapore,Society,Medium,Public,30:30,https://www.youtube.com/watch?v=VXIYewjPbtA,https://www.google.com/maps/search/?api=1&query=Singapore,ระบุได้ระดับเมือง/ประเทศ แต่สถานที่ย่อยอาจต้องตรวจในวิดีโอ
87,ไกลบ้าน EP87 คุณแม่อธิการกลับคอนแวนต์ปีนัง เอาจริงเหมือนฟาโรห์มากกว่า,George Town,Malaysia,Penang,School / history,High,Public,21:21,https://www.youtube.com/watch?v=R6RdudE9qeM,https://www.google.com/maps/search/?api=1&query=Penang%2C+Malaysia,
88,ไกลบ้าน EP88 ตำนานชิงทอง วัดอัสสัมฯ,Bangkok,Thailand,Assumption Cathedral,History / religion,Medium,Public,24:24,https://www.youtube.com/watch?v=N5NPfPhUkjo,https://www.google.com/maps/search/?api=1&query=Assumption+Cathedral%2C+Thailand,ระบุได้ระดับเมือง/ประเทศ แต่สถานที่ย่อยอาจต้องตรวจในวิดีโอ
89,ไกลบ้าน EP89 บ้านหลังน้อยของชีโอ๊ค เดนมาร์ก,Denmark (city unverified),Denmark,Home visit,Home / local life,High,Public,27:27,https://www.youtube.com/watch?v=V2UVBns3azo,,
90,ไกลบ้าน EP90 กลับอังกฤษครั้งแรกในรอบ 10 ปี,England (city unverified),United Kingdom,England,Travel / return,High,Public,29:29,https://www.youtube.com/watch?v=-5ZCMHNs5vM,,
91,ไกลบ้าน EP91 เพื่อนเกร็งมากไม่กล้าออกกล้อง,United Kingdom (city unverified),United Kingdom,Friend episode,Friends,Low,Public,26:26,https://www.youtube.com/watch?v=csC0j9lKDUE,,โปรดตรวจตำแหน่งเพิ่มเติมก่อนใช้เป็นพิกัดอ้างอิง
92,ไกลบ้าน EP92 เปิดห้องทำงานอาจารย์โตได มหาลัยแรงค์หนึ่ง เจ่แพ่นนนนน,Tokyo,Japan,University of Tokyo,University,High,Public,24:24,https://www.youtube.com/watch?v=N-FHuKcCrN0,https://www.google.com/maps/search/?api=1&query=University+of+Tokyo%2C+Japan,
93,ไกลบ้าน EP93 เรื่องบางเรื่องจะเกิดกับคนบางคน,United States (city unverified),United States,Location unclear,Travel experience,Low,Public,35:35,https://www.youtube.com/watch?v=d8rMKB3rKiE,,โปรดตรวจตำแหน่งเพิ่มเติมก่อนใช้เป็นพิกัดอ้างอิง
94,ไกลบ้าน EP94 เฉลยเบื้องหลังรูปดัง ไม่ใช่แม่น้ำโขง 27 ปียังอยู่ในสภาพดี,San Diego,United States,"San Diego, California",History / landmark,High,Public,25:25,https://www.youtube.com/watch?v=LxG5cUrTC3Q,https://www.google.com/maps/search/?api=1&query=San+Diego%2C+California%2C+United+States,
95,ไกลบ้าน EP95 ป้องแล้ว ป้องอยู่ ...,United States (city unverified),United States,Location unclear,History,Low,Public,21:21,https://www.youtube.com/watch?v=KxTm0Rtz7_M,,โปรดตรวจตำแหน่งเพิ่มเติมก่อนใช้เป็นพิกัดอ้างอิง
96,ไกลบ้าน EP96 ลอนดอนกับเพื่อนต้น เพื่อนกันตั้งแต่ ม.ต้น,London,United Kingdom,London,Friends / city,High,Public,26:26,https://www.youtube.com/watch?v=axUClNOpGRY,https://www.google.com/maps/search/?api=1&query=London%2C+United+Kingdom,
97,ไกลบ้าน EP97 กรุงโรมไม่ได้สร้างเสร็จในวันเดียว ค่ะทราบ,Rome,Italy,Rome,History / city,High,Public,26:26,https://www.youtube.com/watch?v=PjyRgc3_bSI,https://www.google.com/maps/search/?api=1&query=Rome%2C+Italy,
98,ไกลบ้าน EP98 หอเอนปิซ่า ทำไมถึงเอน?,Pisa,Italy,Leaning Tower of Pisa,Architecture,High,Public,24:24,https://www.youtube.com/watch?v=mJj4V9UCQ2U,https://www.google.com/maps/search/?api=1&query=Leaning+Tower+of+Pisa%2C+Italy,
99,ไกลบ้าน EP99 ซานฟรานผ่านไป 35 ปี พริกขี้หนูกับหมูแฮม,San Francisco,United States,San Francisco,Immigrant life,High,Public,27:27,https://www.youtube.com/watch?v=ZxKnS37LWAI,https://www.google.com/maps/search/?api=1&query=San+Francisco%2C+United+States,
100,ไกลบ้าน EP100 คริสต์มาสลอนดอน ปิดซีซั่นสองจอยๆ อย่าปล่อยเด๊ดแอร์,London,United Kingdom,London Christmas,Christmas,High,Public,61:01,https://www.youtube.com/watch?v=HMaR7EjpUfU,https://www.google.com/maps/search/?api=1&query=London+Christmas%2C+United+Kingdom,
101,ไกลบ้าน EP101 พระราชวังต้องห้าม,Beijing,China,Forbidden City,History / palace,High,Public,30:30,https://www.youtube.com/watch?v=T4tyOrbVDoo,https://www.google.com/maps/search/?api=1&query=Forbidden+City%2C+China,
102,ไกลบ้าน EP102 เมลเบิร์น เดินๆ เดาๆ ฟิวคนพื้นที่,Melbourne,Australia,Melbourne,City walk,High,Public,26:26,https://www.youtube.com/watch?v=bPnT_WrYE8Q,https://www.google.com/maps/search/?api=1&query=Melbourne%2C+Australia,
103,ไกลบ้าน EP103 สเปน สัปดาห์ศักดิ์สิทธิ์ สุดๆไปเลย,Spain (city unverified),Spain,Semana Santa,Religion / festival,High,Public,30:30,https://www.youtube.com/watch?v=ZfkfymAttrs,,
104,ไกลบ้าน EP104 รวมดาว ณ กรุงปารีส,Paris,France,Paris,Friends / city,High,Public,24:24,https://www.youtube.com/watch?v=seCxmoDvsTo,https://www.google.com/maps/search/?api=1&query=Paris%2C+France,
105,ไกลบ้าน EP105 ดูจบแล้วค่ะลงคลิปใหม่ได้เลย,Australia (city unverified),Australia,Australia,Friends / travel,Low,Public,26:26,https://www.youtube.com/watch?v=EPKSr1vAuuQ,,โปรดตรวจตำแหน่งเพิ่มเติมก่อนใช้เป็นพิกัดอ้างอิง
106,ไกลบ้าน EP106 ของดีออสเตรเลีย เนื้อออส เลี้ยงฟาร์มเปิด ,Australia (city unverified),Australia,Open cattle farm,Farm / food,High,Public,23:23,https://www.youtube.com/watch?v=aZrlKQErJ3o,,
107,ไกลบ้าน EP107 ตัวละครลับหมายเลขสอง,Australia (city unverified),Australia,Guest episode,Friends / travel,Medium,Public,45:45,https://www.youtube.com/watch?v=bHyABcUGn98,,ระบุได้ระดับเมือง/ประเทศ แต่สถานที่ย่อยอาจต้องตรวจในวิดีโอ
108,ไกลบ้าน EP108 ปอมเปอี เมืองโบราณใต้เถ้าถ่านภูเขาไฟ หายไปเกือบสองพันปี,Pompeii,Italy,Pompeii Archaeological Park,Archaeology,High,Public,24:24,https://www.youtube.com/watch?v=kY2j3Rygzu8,https://www.google.com/maps/search/?api=1&query=Pompeii+Archaeological+Park%2C+Italy,
109,ไกลบ้าน EP109 พิธีเปิดอลังการ จากมุมชาวบ้านแบบเราๆ,Paris,France,Paris 2024 opening ceremony,Olympics,High,Public,61:01,https://www.youtube.com/watch?v=kwnJ4zMIpAA,https://www.google.com/maps/search/?api=1&query=Paris+2024+opening+ceremony%2C+France,
110,ไกลบ้าน EP110 โอลิมปิกแบบใด ไม่ดูกีฬาเลย แบบเราค่าา,Paris,France,Paris 2024 Olympics,Olympics,High,Public,40:40,https://www.youtube.com/watch?v=TQhWSTiFNSY,https://www.google.com/maps/search/?api=1&query=Paris+2024+Olympics%2C+France,
111,ไกลบ้าน EP111 วอลเลย์นัดชิง เชียร์อิตาลีหรือเมกาแม่ว่า,Paris,France,Paris 2024 volleyball final,Olympics,High,Public,40:40,https://www.youtube.com/watch?v=FyFxf61a6ug,https://www.google.com/maps/search/?api=1&query=Paris+2024+volleyball+final%2C+France,
112,EP112 — ไม่พบในเพลย์ลิสต์/metadata สาธารณะ,Unknown,Unverified,Episode unavailable / not found,Unknown,Low,Not found,,,,โปรดตรวจตำแหน่งเพิ่มเติมก่อนใช้เป็นพิกัดอ้างอิง
113,ไกลบ้าน EP113 ใช่คนที่ทำเสาไฟหักปะ ตอนนั้นหางาน ตอนนี้ก็หางาน,Europe (city unverified),Unverified,Guest / job-search episode,Work / friends,Low,Public,27:27,https://www.youtube.com/watch?v=plhrL6rK8SY,,โปรดตรวจตำแหน่งเพิ่มเติมก่อนใช้เป็นพิกัดอ้างอิง
114,ไกลบ้าน EP114 คนราชบุรีไม่พูดเหน่อ เคาะแล้ว,Europe (city unverified),Unverified,Guest from Ratchaburi,Friends,Low,Public,26:26,https://www.youtube.com/watch?v=gSkuWReiFok,,โปรดตรวจตำแหน่งเพิ่มเติมก่อนใช้เป็นพิกัดอ้างอิง
115,ไกลบ้าน EP115 โดนล้วงกลางวันแสกๆ เสียวไปทั้งวัน ผู้ชายอิตาลีเขาใจร้อน,Italy (city unverified),Italy,Italy,Travel experience,High,Public,26:26,https://www.youtube.com/watch?v=30_6o4i_CJ4,,
116,ไกลบ้าน EP116 ฮ่องกงแบบใหม่ ฉบับอัพเดท ถ่ายวีคที่แล้ว,Hong Kong,Hong Kong,Hong Kong,City / culture,High,Public,44:44,https://www.youtube.com/watch?v=A4CA68YjcsI,https://www.google.com/maps/search/?api=1&query=Hong+Kong,
117,ไกลบ้าน EP117 ลิสบอนเปลี่ยนไปมากจำแทบไม่ได้เลย สติค่ะหล่อนมาครั้งแรก,Lisbon,Portugal,Lisbon,City walk,High,Public,46:46,https://www.youtube.com/watch?v=IN1c3X5eM2g,https://www.google.com/maps/search/?api=1&query=Lisbon%2C+Portugal,
118,ไกลบ้าน EP118 รวมเรื่องสั้นจากประสบการณ์ตง,Europe (city unverified),Unverified,Guest story compilation,Stories / talk,Low,Public,35:35,https://www.youtube.com/watch?v=FWSDr-OScgQ,,โปรดตรวจตำแหน่งเพิ่มเติมก่อนใช้เป็นพิกัดอ้างอิง
119,ไกลบ้าน EP119 คริสต์มาสยุโรป 7 วัน ไปกันทั้งสตู 3 ชั่วโมงค่ะดูให้ตาแฉะ,Multiple European cities,Multiple,Seven-day Europe Christmas trip,Christmas / multi-city,High,Public,183:03,https://www.youtube.com/watch?v=KBF4lPD_M_s,,
120,ไกลบ้าน EP120 เวียนนามีสิ่งนี้ หนึ่งปีมีช่วงเดียว,Vienna,Austria,Seasonal Vienna event,Seasonal / city,High,Public,24:24,https://www.youtube.com/watch?v=xw7GKEB83vs,https://www.google.com/maps/search/?api=1&query=Seasonal+Vienna+event%2C+Austria,
121,ไกลบ้าน EP121 แซงต์ซุลปิสกับเส้นเมริเดียนของอาจารย์ไมค์,Paris,France,Saint-Sulpice Church,Religion / history,High,Public,60:00,https://www.youtube.com/watch?v=S5XI_N6HSzs,https://www.google.com/maps/search/?api=1&query=Saint-Sulpice+Church%2C+France,
122,ไกลบ้าน EP122 ห้องทำงานอาจารย์สาวดาวเดนมาร์ก,Denmark (city unverified),Denmark,University office,University,High,Public,49:49,https://www.youtube.com/watch?v=W7XdcD2fFCQ,,
123,ไกลบ้าน EP123 ผมชื่อพัดงู เรียนป.เอกที่โยโกฮาม่า เมืองท่าติดทะเล,Yokohama,Japan,Yokohama,University / city,High,Public,53:53,https://www.youtube.com/watch?v=3XZ3ZevxD_g,https://www.google.com/maps/search/?api=1&query=Yokohama%2C+Japan,
124,ไกลบ้าน EP124 แจกทริคเข้าเคมบริดจ์แบบไม่อ่านหนังสือ,Cambridge,United Kingdom,University of Cambridge,University,High,Public,57:57,https://www.youtube.com/watch?v=lvFkVrg4HBY,https://www.google.com/maps/search/?api=1&query=University+of+Cambridge%2C+United+Kingdom,
125,ไกลบ้าน EP125 ดารา น. เปิดตัวแฟนหนุ่มจริงหรือหนุ่มทิพย์,Europe (city unverified),Unverified,Guest / relationship episode,Friends,Low,Public,69:09,https://www.youtube.com/watch?v=QfcSqZkIlRY,,โปรดตรวจตำแหน่งเพิ่มเติมก่อนใช้เป็นพิกัดอ้างอิง
126,ไกลบ้าน EP126 นโปลี เมืองในตำนานของครูก้า,Naples,Italy,Naples,City / culture,High,Public,25:25,https://www.youtube.com/watch?v=LtSl9b8pXWA,https://www.google.com/maps/search/?api=1&query=Naples%2C+Italy,
127,ไกลบ้าน EP127 เปิดสนธิสัญญาเบาว์ริง ณ กรุงลอนดอน 170 ปี สภาพยังดีครบถ้วน,London,United Kingdom,Bowring Treaty archive,Thai history / archive,High,Public,51:51,https://www.youtube.com/watch?v=CFZjyIdeEx4,https://www.google.com/maps/search/?api=1&query=Bowring+Treaty+archive%2C+United+Kingdom,
128,ไกลบ้าน EP128 ลอนดอนตะวันออกถิ่นสาวใต้,London,United Kingdom,East London,Neighborhood,High,Public,55:55,https://www.youtube.com/watch?v=xu_mSFKZreM,https://www.google.com/maps/search/?api=1&query=East+London%2C+United+Kingdom,
129,ไกลบ้าน EP129 เกาหลีไม่มีเกย์,Seoul,South Korea,Seoul / South Korea,LGBTQ+ / society,Medium,Public,58:58,https://www.youtube.com/watch?v=4FO6uswGCPU,https://www.google.com/maps/search/?api=1&query=Seoul+%2F+South+Korea,ระบุได้ระดับเมือง/ประเทศ แต่สถานที่ย่อยอาจต้องตรวจในวิดีโอ
130,ไกลบ้าน EP130 ตามหา PYMK ในลอนดอน หนึ่งวันจะได้กี่คน,London,United Kingdom,PYMK-related London sites,History / city,High,Public,52:52,https://www.youtube.com/watch?v=h51JIMWVoeA,https://www.google.com/maps/search/?api=1&query=PYMK-related+London+sites%2C+United+Kingdom,
131,ไกลบ้าน EP131 สะใภ้ชาวไทย กับครอบครัวที่น่าเห็นใจที่สุด,Europe (city unverified),Unverified,Thai family abroad,Family / society,Low,Public,59:59,https://www.youtube.com/watch?v=TsBC6bVehxs,,โปรดตรวจตำแหน่งเพิ่มเติมก่อนใช้เป็นพิกัดอ้างอิง
132,ไกลบ้าน EP132 บรีฟเพื่อนว่าไม่ทางการนะ แต่เพื่อนผูกเนคไทมา ทำไงอะทีนี้,Europe (city unverified),Unverified,Academic guest episode,Academic,Low,Public,52:52,https://www.youtube.com/watch?v=VanZ9IPWFRE,,โปรดตรวจตำแหน่งเพิ่มเติมก่อนใช้เป็นพิกัดอ้างอิง
133,ไกลบ้าน EP133 ฮิโรชิม่า อะไรที่เคยเห็นจะไม่ได้เห็น,Hiroshima,Japan,Hiroshima,War history,High,Public,44:44,https://www.youtube.com/watch?v=S58LI8ttWsU,https://www.google.com/maps/search/?api=1&query=Hiroshima%2C+Japan,
134,ไกลบ้าน EP134 กรุงปารีสที่สวยที่สุด,Paris,France,Paris,Scenic city,High,Public,52:52,https://www.youtube.com/watch?v=S0FPi91sjWY,https://www.google.com/maps/search/?api=1&query=Paris%2C+France,
135,ไกลบ้าน EP135 เหม่หวา สถานที่เที่ยวอันดับต้นๆ ของซานฟรานซิสโก,San Francisco,United States,San Francisco attraction,City / attraction,High,Public,50:50,https://www.youtube.com/watch?v=LtiIcf1lt20,https://www.google.com/maps/search/?api=1&query=San+Francisco+attraction%2C+United+States,
136,ไกลบ้าน EP136 เทคนิคมัดใจสามีชาวเดนิช,Denmark (city unverified),Denmark,Thai–Danish family,Family / society,High,Public,40:40,https://www.youtube.com/watch?v=RbbLfs6OTO8,,
137,ไกลบ้าน EP137 น้องตี๋ที่เล่นเลิฟซิก ที่ไม่มีไอจีปะ,New York City,United States,Thai restaurant / guest episode,Restaurant / people,Medium,Public,45:45,https://www.youtube.com/watch?v=qBY8LmAcBNo,https://www.google.com/maps/search/?api=1&query=Thai+restaurant+%2F+guest+episode%2C+United+States,ระบุได้ระดับเมือง/ประเทศ แต่สถานที่ย่อยอาจต้องตรวจในวิดีโอ
138,ไกลบ้าน EP138 เปิดร้านอาหารไทยในนิวยอร์ก คนแน่นร้าน ,New York City,United States,Thai restaurant,Food business,High,Public,58:58,https://www.youtube.com/watch?v=RUI269uuIcQ,https://www.google.com/maps/search/?api=1&query=Thai+restaurant%2C+United+States,
139,ไกลบ้าน EP139 หมอบูม ดาราใหม่ มาวิจัยที่ฮาร์วาร์ด,"Cambridge, Massachusetts",United States,Harvard University,University / research,High,Public,38:38,https://www.youtube.com/watch?v=HxKEcdOq0bM,https://www.google.com/maps/search/?api=1&query=Harvard+University%2C+United+States,
140,ไกลบ้าน EP140 คริสต์มาสฟินแลนด์ 7 วัน,Finland (multi-city),Finland,Seven-day Christmas trip,Christmas / travel,High,Public,122:02,https://www.youtube.com/watch?v=GvDN9wx7OkA,https://www.google.com/maps/search/?api=1&query=Seven-day+Christmas+trip%2C+Finland,
141,ไกลบ้าน EP141 เทปคริสต์มาสจริงๆ คืออันนี้นะ,Europe (city unverified),Unverified,Christmas special,Christmas,Medium,Public,61:01,https://www.youtube.com/watch?v=I9ZfLDsU_XA,,ระบุได้ระดับเมือง/ประเทศ แต่สถานที่ย่อยอาจต้องตรวจในวิดีโอ
142,ไกลบ้าน EP142 บรรพบุรุษกล้าหาญ ลูกหลานติด ตม.,Seoul,South Korea,Korean War descendants / immigration,History / society,Medium,Public,58:58,https://www.youtube.com/watch?v=oCih11jbqAc,https://www.google.com/maps/search/?api=1&query=Korean+War+descendants+%2F+immigration%2C+South+Korea,ระบุได้ระดับเมือง/ประเทศ แต่สถานที่ย่อยอาจต้องตรวจในวิดีโอ
143,ไกลบ้าน EP143 จากสุสานสู่ประตูวิวาห์ ดาราฮอร์โมนเป็นฝั่งเป็นฝา พี่มานูเขาใจดี,Paris,France,20th arrondissement / cemetery and wedding,City / friends,High,Public,45:45,https://www.youtube.com/watch?v=PeCmfiQhfjM,https://www.google.com/maps/search/?api=1&query=20th+arrondissement+%2F+cemetery+and+wedding%2C+France,
144,ไกลบ้าน EP144 สามหนุ่มแว่นพาดูสัตว์โลกน่ารักงุ้ยๆ,Europe (zoo unverified),Unverified,Zoo / animals,Zoo / nature,Low,Public,48:48,https://www.youtube.com/watch?v=BFcYT0wE1GE,,โปรดตรวจตำแหน่งเพิ่มเติมก่อนใช้เป็นพิกัดอ้างอิง
145,ไกลบ้าน EP145 ไกด์หมิว ยุโรปตะวันออก พบ อาจารย์เคท ครั้งพิบูลโนว่า,Prague,Czech Republic,Czech Republic / Professor Kate,Academic / city,High,Public,52:52,https://www.youtube.com/watch?v=y1aVELZbyns,https://www.google.com/maps/search/?api=1&query=Czech+Republic+%2F+Professor+Kate,
146,ไกลบ้าน EP146 ย่างกุ้งกับอาจารย์ลลิตา,Yangon,Myanmar,Yangon,History / city,High,Public,55:55,https://www.youtube.com/watch?v=ajasApLALOI,https://www.google.com/maps/search/?api=1&query=Yangon%2C+Myanmar,
147,ไกลบ้าน EP147 ตามหาบรรพบุรุษ ณ เกาะไหหลำ,Hainan,China,Hainan Island,Ancestry / travel,High,Public,50:50,https://www.youtube.com/watch?v=kXlQ83nABn0,https://www.google.com/maps/search/?api=1&query=Hainan+Island%2C+China,
148,ไกลบ้าน EP148 ดิสนีย์แลนด์ เทปสาระที่ทุกคนรอคอย,Disneyland Paris,France,Disneyland Paris,Theme park / history,Medium,Public,45:45,https://www.youtube.com/watch?v=qkHuPx9teyI,https://www.google.com/maps/search/?api=1&query=Disneyland+Paris%2C+France,ระบุได้ระดับเมือง/ประเทศ แต่สถานที่ย่อยอาจต้องตรวจในวิดีโอ
149,ไกลบ้าน EP149 ฟลอเรนซ์กับครูก้า ทวงคืนเทปสาระ,Florence,Italy,Florence,Renaissance / city,High,Public,46:46,https://www.youtube.com/watch?v=WHW76LVvEGw,https://www.google.com/maps/search/?api=1&query=Florence%2C+Italy,
150,ไกลบ้าน EP150 ปิดซีซั่นสาม ไอ้แว่นคนไหนมีความสุขที่สุด,Europe (city unverified),Unverified,Season 3 finale,Season finale,Low,Public,55:55,https://www.youtube.com/watch?v=ZwSbDSIL9gw,,โปรดตรวจตำแหน่งเพิ่มเติมก่อนใช้เป็นพิกัดอ้างอิง
